{"stats":{"minecraft:custom":{"minecraft:time_since_rest":46942,"minecraft:waystone_activated":2,"minecraft:crouch_one_cm":602,"minecraft:sprint_one_cm":3351,"minecraft:play_time":46942,"minecraft:walk_one_cm":16485,"minecraft:sneak_time":1590,"minecraft:jump":30,"minecraft:damage_dealt":14,"minecraft:leave_game":5,"minecraft:time_since_death":46942,"minecraft:total_world_time":46942,"minecraft:fly_one_cm":238633},"minecraft:used":{"waystones:waystone":2,"minecraft:smooth_quartz_stairs":45,"minecraft:crimson_sign":1,"minecraft:quartz_pillar":44,"minecraft:smooth_quartz_slab":70,"minecraft:grass_block":2,"minecraft:quartz_block":13,"minecraft:ochre_froglight":9,"minecraft:smooth_quartz":137},"minecraft:picked_up":{"minecraft:stick":6,"dynamictrees:spruce_seed":1,"minecraft:spruce_log":8}},"DataVersion":3465}