{"stats":{"minecraft:killed":{"minecraft:allay":1,"minecraft:salmon":5,"minecraft:cod":8,"minecraft:squid":2,"minecraft:bee":1,"artifacts:mimic":1},"minecraft:dropped":{"securitycraft:universal_block_reinforcer_lvl3":2,"minecraft:enchanted_golden_apple":3,"securitycraft:reinforced_quartz_stairs":64,"silentgear:blueprint_package":5,"artifacts:umbrella":1,"securitycraft:reinforced_quartz_bricks":1,"paraglider:paraglider":2},"minecraft:custom":{"minecraft:mob_kills":19,"minecraft:interact_with_crafting_table":2,"minecraft:leave_game":9,"minecraft:time_since_death":96454,"minecraft:climb_one_cm":72,"minecraft:time_since_rest":96482,"minecraft:waystone_activated":8,"minecraft:sprint_one_cm":104404,"minecraft:walk_one_cm":260178,"minecraft:drop":15,"minecraft:damage_dealt":1613,"minecraft:interact_with_beacon":1,"minecraft:swim_one_cm":939,"minecraft:fly_one_cm":1900923,"minecraft:player_kills":2,"minecraft:open_chest":2,"minecraft:crouch_one_cm":11966,"minecraft:play_time":273425,"minecraft:deaths":2,"minecraft:sneak_time":11795,"minecraft:walk_under_water_one_cm":12209,"minecraft:jump":585,"minecraft:walk_on_water_one_cm":12850,"minecraft:total_world_time":273425},"minecraft:crafted":{"silentgear:diamond_shard":9},"minecraft:picked_up":{"paraglider:paraglider":1,"dynamictrees:spruce_seed":2,"artifacts:umbrella":1,"silentgear:blueprint_package":10,"securitycraft:sentry":1,"minecraft:bone":2,"securitycraft:reinforced_black_concrete":1,"minecraft:wheat_seeds":1,"minecraft:azalea":4,"artifacts:steadfast_spikes":1,"minecraft:enchanted_golden_apple":1,"minecraft:stick":29,"securitycraft:reinforced_quartz_stairs":1,"minecraft:spruce_log":15,"minecraft:arrow":2,"securitycraft:reinforced_quartz_bricks":1},"minecraft:used":{"minecraft:deepslate_brick_wall":20,"minecraft:quartz_bricks":25,"minecraft:water_bucket":11,"minecraft:netherite_sword":13,"securitycraft:reinforced_smooth_quartz_slab":7,"securitycraft:reinforced_quartz_stairs":64,"minecraft:flint_and_steel":17,"minecraft:smooth_quartz_slab":81,"minecraft:oak_planks":6,"simplylight:edge_light":95,"artifacts:eternal_steak":1,"simplylight:edge_light_top":41,"minecraft:beacon":1,"minecraft:deepslate_bricks":14,"minecraft:smooth_quartz_stairs":45,"simplylight:illuminant_block_on":28,"paraglider:goddess_statue":4,"minecraft:pink_candle":9,"minecraft:dirt":2,"securitycraft:reinforced_quartz_block":32,"minecraft:vine":79,"minecraft:crafting_table":1,"minecraft:chiseled_quartz_block":13,"minecraft:deepslate_brick_slab":10,"securitycraft:reinforced_quartz_pillar":69,"minecraft:ochre_froglight":9,"artifacts:mimic_spawn_egg":1,"minecraft:pink_carpet":2,"minecraft:deepslate_brick_stairs":38,"waystones:waystone":8,"securitycraft:reinforced_quartz_slab":17,"minecraft:quartz_pillar":49,"simplylight:rodlamp":23,"minecraft:lime_carpet":2,"waystones:sharestone":1,"minecraft:quartz_slab":5,"minecraft:iron_block":10,"minecraft:grass_block":23,"minecraft:barrier":348,"minecraft:netherite_axe":10,"minecraft:quartz_block":30,"minecraft:smooth_quartz":137,"minecraft:cherry_leaves":14,"securitycraft:reinforced_black_concrete":25,"minecraft:gravel":18,"securitycraft:bucket_f_water":12,"minecraft:crimson_sign":1,"securitycraft:reinforced_quartz_bricks":23,"minecraft:red_carpet":2,"securitycraft:reinforced_glass":26,"waystones:white_sharestone":2,"minecraft:experience_bottle":1,"minecraft:lime_candle":8}},"DataVersion":3465}