{"stats":{"minecraft:custom":{"minecraft:time_since_rest":97478,"minecraft:waystone_activated":6,"minecraft:crouch_one_cm":1806,"minecraft:sprint_one_cm":26687,"minecraft:play_time":97478,"minecraft:walk_one_cm":84616,"minecraft:sneak_time":3480,"minecraft:walk_under_water_one_cm":1559,"minecraft:mob_kills":17,"minecraft:jump":154,"minecraft:damage_dealt":614,"minecraft:leave_game":8,"minecraft:walk_on_water_one_cm":538,"minecraft:time_since_death":97478,"minecraft:total_world_time":97478,"minecraft:fly_one_cm":811992},"minecraft:picked_up":{"minecraft:stick":12,"dynamictrees:spruce_seed":2,"artifacts:steadfast_spikes":1,"minecraft:spruce_log":12},"minecraft:killed":{"minecraft:cod":8,"minecraft:bee":1,"minecraft:squid":2,"artifacts:mimic":1,"minecraft:salmon":5},"minecraft:used":{"minecraft:smooth_quartz_stairs":45,"minecraft:quartz_bricks":25,"waystones:waystone":6,"minecraft:crimson_sign":1,"simplylight:illuminant_block_on":28,"minecraft:water_bucket":9,"minecraft:netherite_sword":6,"paraglider:goddess_statue":4,"securitycraft:reinforced_quartz_block":4,"minecraft:quartz_pillar":48,"minecraft:flint_and_steel":10,"waystones:sharestone":1,"minecraft:smooth_quartz_slab":81,"minecraft:grass_block":2,"minecraft:quartz_block":26,"artifacts:eternal_steak":1,"securitycraft:reinforced_quartz_pillar":54,"minecraft:chiseled_quartz_block":13,"minecraft:ochre_froglight":9,"waystones:white_sharestone":2,"artifacts:mimic_spawn_egg":1,"minecraft:smooth_quartz":137,"securitycraft:bucket_f_water":2}},"DataVersion":3465}