{"stats":{"minecraft:custom":{"minecraft:time_since_rest":29823,"minecraft:waystone_activated":2,"minecraft:crouch_one_cm":333,"minecraft:play_time":29823,"minecraft:sprint_one_cm":595,"minecraft:walk_one_cm":7900,"minecraft:sneak_time":925,"minecraft:jump":12,"minecraft:damage_dealt":14,"minecraft:leave_game":1,"minecraft:time_since_death":29823,"minecraft:total_world_time":29823,"minecraft:fly_one_cm":163795},"minecraft:picked_up":{"minecraft:stick":6,"dynamictrees:spruce_seed":1,"minecraft:spruce_log":8},"minecraft:used":{"minecraft:crimson_sign":1,"waystones:waystone":2,"minecraft:smooth_quartz_stairs":45,"minecraft:quartz_pillar":25,"minecraft:smooth_quartz_slab":70,"minecraft:grass_block":2,"minecraft:quartz_block":13,"minecraft:ochre_froglight":9,"minecraft:smooth_quartz":137}},"DataVersion":3465}