{"stats":{"minecraft:used":{"minecraft:quartz_bricks":14,"waystones:waystone":3,"minecraft:smooth_quartz_stairs":45,"minecraft:crimson_sign":1,"minecraft:water_bucket":9,"minecraft:quartz_pillar":45,"minecraft:smooth_quartz_slab":81,"minecraft:grass_block":2,"minecraft:quartz_block":13,"minecraft:chiseled_quartz_block":13,"minecraft:ochre_froglight":9,"minecraft:smooth_quartz":137,"securitycraft:bucket_f_water":2},"minecraft:picked_up":{"minecraft:stick":6,"dynamictrees:spruce_seed":1,"minecraft:spruce_log":8},"minecraft:custom":{"minecraft:time_since_rest":59200,"minecraft:waystone_activated":3,"minecraft:crouch_one_cm":758,"minecraft:sprint_one_cm":7025,"minecraft:play_time":59200,"minecraft:walk_one_cm":22766,"minecraft:sneak_time":1960,"minecraft:walk_under_water_one_cm":1559,"minecraft:jump":50,"minecraft:damage_dealt":14,"minecraft:leave_game":6,"minecraft:walk_on_water_one_cm":128,"minecraft:time_since_death":59200,"minecraft:total_world_time":59200,"minecraft:fly_one_cm":349541}},"DataVersion":3465}