{"stats":{"minecraft:used":{"waystones:waystone":6,"minecraft:quartz_bricks":23,"minecraft:smooth_quartz_stairs":45,"minecraft:crimson_sign":1,"simplylight:illuminant_block_on":28,"minecraft:water_bucket":9,"minecraft:quartz_pillar":45,"waystones:sharestone":1,"minecraft:smooth_quartz_slab":81,"minecraft:grass_block":2,"minecraft:quartz_block":26,"minecraft:chiseled_quartz_block":13,"minecraft:ochre_froglight":9,"waystones:white_sharestone":2,"minecraft:smooth_quartz":137,"securitycraft:bucket_f_water":2},"minecraft:picked_up":{"minecraft:stick":6,"dynamictrees:spruce_seed":1,"minecraft:spruce_log":8},"minecraft:custom":{"minecraft:time_since_rest":66874,"minecraft:waystone_activated":6,"minecraft:crouch_one_cm":1122,"minecraft:sprint_one_cm":8584,"minecraft:play_time":66874,"minecraft:walk_one_cm":36022,"minecraft:sneak_time":2286,"minecraft:walk_under_water_one_cm":1559,"minecraft:jump":66,"minecraft:damage_dealt":14,"minecraft:leave_game":7,"minecraft:walk_on_water_one_cm":128,"minecraft:time_since_death":66874,"minecraft:total_world_time":66874,"minecraft:fly_one_cm":379099}},"DataVersion":3465}