{"stats":{"minecraft:killed":{"minecraft:sniffer":2,"minecraft:spider":1,"minecraft:wandering_trader":1,"minecraft:phantom":2,"minecraft:skeleton":1,"minecraft:zombie":2,"minecraft:stray":1,"goblintraders:vein_goblin_trader":1,"goblintraders:goblin_trader":2,"minecraft:cow":1},"minecraft:dropped":{"securitycraft:reinforced_black_concrete":1,"minecraft:carrot":3,"silentgear:blueprint_package":72,"artifacts:helium_flamingo":1,"minecraft:phantom_membrane":1},"minecraft:custom":{"minecraft:mob_kills":15,"minecraft:leave_game":1,"minecraft:time_since_death":456,"minecraft:climb_one_cm":94,"minecraft:time_since_rest":550,"minecraft:waystone_activated":3,"minecraft:sprint_one_cm":135906,"minecraft:damage_taken":5032,"minecraft:walk_one_cm":239594,"minecraft:drop":78,"minecraft:damage_dealt":2592,"minecraft:fly_one_cm":420898,"minecraft:swim_one_cm":52967,"minecraft:open_chest":2,"minecraft:crouch_one_cm":9251,"minecraft:play_time":176480,"minecraft:deaths":6,"minecraft:sneak_time":5390,"minecraft:walk_under_water_one_cm":60769,"minecraft:jump":629,"minecraft:walk_on_water_one_cm":6239,"minecraft:total_world_time":176480,"minecraft:fall_one_cm":42836},"minecraft:killed_by":{"minecraft:player":2},"minecraft:mined":{"minecraft:grass_block":1,"dynamictrees:spruce_leaves":1,"securitycraft:dirt_mine":3},"minecraft:picked_up":{"paraglider:paraglider":1,"minecraft:leather":1,"silentgear:blueprint_package":67,"minecraft:oak_log":1,"minecraft:dirt":38,"minecraft:apple":3,"minecraft:wheat_seeds":1,"minecraft:beef":1,"dynamictrees:oak_seed":6,"minecraft:enchanted_golden_apple":2,"minecraft:phantom_membrane":2,"minecraft:tipped_arrow":1,"minecraft:stick":29,"securitycraft:universal_block_reinforcer_lvl3":2,"securitycraft:reinforced_quartz_stairs":64,"securitycraft:dirt_mine":3,"minecraft:carrot":5,"minecraft:arrow":1,"minecraft:rotten_flesh":2,"securitycraft:reinforced_quartz_bricks":1},"minecraft:used":{"minecraft:netherite_sword":35,"securitycraft:reinforced_quartz_stairs":44,"securitycraft:reinforced_black_terracotta":5,"simplylight:edge_light":42,"securitycraft:bucket_f_lava":2,"securitycraft:remote_access_mine":5,"securitycraft:security_camera":3,"minecraft:quartz_stairs":12,"minecraft:dirt":119,"minecraft:orange_carpet":31,"securitycraft:reinforced_quartz_block":7,"minecraft:stray_spawn_egg":1,"minecraft:tnt":3,"goblintraders:vein_goblin_trader_spawn_egg":1,"minecraft:lime_stained_glass_pane":8,"securitycraft:keypad_item":2,"minecraft:carrot":2,"securitycraft:reinforced_quartz_pillar":3,"minecraft:yellow_carpet":64,"minecraft:pink_carpet":2,"minecraft:wandering_trader_spawn_egg":1,"securitycraft:camera_monitor":1,"securitycraft:reinforced_quartz_slab":45,"minecraft:sea_lantern":3,"minecraft:black_concrete":1,"minecraft:lime_carpet":7,"minecraft:grass_block":86,"minecraft:quartz_block":2,"minecraft:dark_oak_leaves":27,"securitycraft:reinforced_black_concrete":10,"minecraft:pink_stained_glass_pane":9,"securitycraft:mine":1,"securitycraft:sentry":1,"securitycraft:reinforced_quartz_bricks":19,"minecraft:red_carpet":60,"minecraft:sniffer_spawn_egg":2,"securitycraft:dirt_mine":9,"goblintraders:goblin_trader_spawn_egg":2,"securitycraft:cage_trap":3,"minecraft:enchanted_golden_apple":2,"minecraft:experience_bottle":2}},"DataVersion":3465}