{"stats":{"minecraft:used":{"dynamictrees:oak_seed":2,"minecraft:armor_stand":2,"minecraft:oak_log":1,"securitycraft:reinforced_quartz_bricks":1},"minecraft:picked_up":{"minecraft:golden_helmet":2,"minecraft:armor_stand":2,"dynamictrees:oak_seed":1,"minecraft:golden_leggings":2},"minecraft:custom":{"minecraft:jump":72,"minecraft:damage_dealt":60,"minecraft:time_since_rest":14021,"minecraft:damage_taken":80,"minecraft:waystone_activated":2,"minecraft:leave_game":4,"minecraft:crouch_one_cm":52,"minecraft:play_time":14021,"minecraft:sprint_one_cm":10531,"minecraft:time_since_death":14021,"minecraft:walk_on_water_one_cm":411,"minecraft:walk_one_cm":28088,"minecraft:sneak_time":30,"minecraft:total_world_time":14021,"minecraft:fall_one_cm":605,"minecraft:fly_one_cm":18639}},"DataVersion":3465}